{"accuracy": [0.6226474046707153, 0.8606017231941223, 0.9159968495368958, 0.9414041042327881, 0.9567252397537231, 0.9671527147293091, 0.9723166823387146, 0.9768973588943481, 0.9797567129135132, 0.982146680355072], "loss": [1.2599002122879028, 0.4386740028858185, 0.25793007016181946, 0.18083707988262177, 0.13496436178684235, 0.10007933527231216, 0.08554740995168686, 0.07039036601781845, 0.06101340800523758, 0.05356632173061371], "val_accuracy": [0.8130548596382141, 0.9035966396331787, 0.9060437083244324, 0.9289209842681885, 0.9471887350082397, 0.9553266763687134, 0.9554973840713501, 0.9532779455184937, 0.9722854495048523, 0.9635784029960632], "val_loss": [0.59352046251297, 0.29675909876823425, 0.29095640778541565, 0.22084635496139526, 0.17153754830360413, 0.13527120649814606, 0.14253966510295868, 0.158724844455719, 0.09630915522575378, 0.13741622865200043]}